bins,counts_sim_all,correct_sim_all,accuracy_sim_all,counts_sim_predicted_class,correct_sim_predicted_class,accuracy_sim_predicted_class
0-0.1,1,1,1.0,1,1,1.0
0.1-0.2,60,39,0.65,82,50,0.6097560975609756
0.2-0.3,192,131,0.6822916666666666,193,133,0.689119170984456
0.3-0.4,101,86,0.8514851485148515,87,78,0.896551724137931
0.4-0.5,36,32,0.8888888888888888,29,29,1.0
0.5-0.6,11,11,1.0,9,9,1.0
0.6-0.7,0,0,,0,0,
0.7-0.8,0,0,,0,0,
0.8-0.9,0,0,,0,0,
0.8-0.9,0,0,,0,0,
